攀升 战翼 i7/RTX3060Ti主机,7999,已售21%
安尚芬踩屎感加厚保暖防滑棉拖鞋,32.2,已售29%
Hero Baby白金版宝宝奶粉3段700g,139,已售20%
鸿星尔克跑步鞋减震软底情侣款,189,已售33%
喜宝（HiPP）荷兰至臻版3段,165,已售20%
CaboCreme堵奶硬块神器防堵奶,279,已售16%
vivo Y77 8GB+128GB 夏日听海,1469,已售22%
华味亨真香套餐1350g,99,已售18%
漫画历史线 轻松学古文1-5册,220,已售19%
海晏堂大连淡干海参100g 16-24只,1249,已售16%
周六福金貔貅玛瑙手串,1206,已售23%
双立人珐琅铸铁锅26cm,1158,已售31%
蔻驰COACH男士中号手拿包,1099,已售32%
苹果X 银白色 64G,1267,已售34%
京东京造轻暖绒睡衣家居服,99,已售23%
张裕第九代珍藏级解百纳干红礼盒,254,已售26%
官参堂1500g大连即食海参礼盒装,798,已售17%
潘婷3分钟奇迹护发素70ml,19.4,已售27%
海飞丝专研去屑洗发水300g,76.7,已售33%
优全生活 湿厕纸80抽3包,16.4,已售19%
诗帛 一次性洗脸巾80抽5包,24.3,已售31%
迷你巴拉宝宝羽绒服,235.9,已售30%
sevenboys2-6岁儿童自行车,269,已售24%
京东自有品牌 弹簧床垫,599,已售30%
葵花药业蓝莓叶黄素,99,已售22%
潘婷丝质顺滑洗护套装,65.9,已售20%
科西负离子高速吹风机,329,已售24%
【三色可选】蓝牙耳机夹耳开放式,269,已售91%
大江新中式地毯入户门地垫,64.9,已售31%
凡士林修护型润唇膏芦荟味 3.5G,19.9,已售30%
燕之坊每日杂粮粥料礼盒2.1kg,69.9,已售22%
三只松鼠纯坚果礼盒14袋1640g,149,已售17%
吉列剃须刀1刀架4刀头底座,269,已售32%
海鲜世家 三去鲍鱼净肉 500g,74.9,已售22%
科龙大1匹变频省电挂机,1669,已售25%
【金榜爆款】史密斯高水效净水器,4498,已售24%
乐高仙人掌发光钥匙扣,65,已售20%
美的4L家用多功能电压力锅,198,已售26%
石库门 黑标九年 半干型黄酒,279,已售24%
斯纳恩儿童火车蒸汽火车轨道套装,199,已售16%
杰士家用2.1发烧音响,3199,已售24%
雅兰 深睡科技独袋乳胶床垫,3298,已售32%
霸王橄榄柔顺免蒸发膜500g,26,已售25%
妥塞敏 氨甲环酸片0.5g*100片,630,已售17%
滕香阁 正宗金华火腿礼盒 2kg,205.2,已售26%
i5 12600KF+华硕B660M重炮手WiFi,2628,已售22%
荣耀60 SE 5G手机 8GB+128GB,1699,已售29%
奥普大循环风暖浴霸,649,已售34%
219升行业爆款冰柜,779,已售24%
康佳210升三门节能低音小冰箱,929,已售18%
美的10KG变频波轮,1569,已售21%
TCL照明智控三室两厅套餐,769,已售21%
乐高 ICONS 10311 兰花,459,已售25%
北京同仁堂金熊胆粉0.25g*21瓶,1900,已售34%
美的203升冷藏冷冻转换冰柜,999,已售24%
小米 米家投影仪青春版,2399,已售20%
爱他美卓萃3段奶粉 6罐,1878,已售25%
意大利费列罗巧克力48粒礼盒装,125,已售31%
官方溯源保真 五常大米礼盒 5kg,139,已售34%
patchi迪拜圣诞 巧克力礼盒,164,已售26%
八享时武夷山金骏眉250g京东出品,36.9,已售28%
CK 男士平角内裤黑白灰3条装,189,已售33%
可口可乐Coca-Cola零度碳酸饮料,48.9,已售22%
技嘉 GT 710 2G DDR3 显卡,293,已售29%
鸿滨每日坚果年货礼盒1018g,59.9,已售26%
良品铺子鹌鹑蛋五香味熟食128g,16.5,已售24%
南极人本命年套装礼盒,94.9,已售17%
芝华仕头等舱真皮沙发,1999,已售34%
三枪纯棉保暖内衣套,69,已售30%
这就是系列大礼盒全36册,540,已售21%
KIKO防晒干湿两用粉饼-CR15,157,已售25%
雅鹿自由自在棉花被子4斤,96.8,已售22%
德国卡赫原装进口高压清洗机庭院,3299,已售32%
拜耳拜宠清猫咪体内驱虫标杆4粒,152.9,已售28%
有趣得让人睡不着科普系列套装,176,已售24%
悦味纪手工铁棍山药小粉皮800g,19.9,已售27%
东芝(TOSHIBA) 4TB 移动硬盘,649,已售25%
兔头妈妈超薄拉拉裤XL30片,83,已售16%
习酒金质53度500ml*6整箱装,2105,已售34%
竹粹本色抽纸3层110抽*24包,32.9,已售29%
鳄鱼恤冬季情侣棉服外套,198,已售19%
adidas经典三条纹中性休闲鞋,269,已售22%
【爆款】花花公子棉服男面包服,199,已售30%
和田玉白玉手串,999,已售16%
影响力（京东专享）,59.9,已售25%
维多利亚旅行者商务大容量电脑包,89,已售17%
罗蒙男装羽绒服男士秋冬季短款,179,已售70%
蜀海   肥牛火锅肉卷 500g,39,已售20%
三全 宁波风味 黑芝麻汤圆 1kg,17.5,已售34%
圣农 脆皮炸鸡原味750g,49.9,已售20%
上鲜 鸡大胸 2kg 健身鸡胸肉,41.9,已售31%
妙洁保鲜袋组合装220只,9.9,已售21%
爆款 海霸王 黑珍猪台式香肠268g,26.9,已售24%
潮兴记 汕头牛肉丸900g 含酱料,99,已售29%
百吉福 芝士片 原味 300g/18片,27.9,已售15%
100W氮化镓线充套装,219,已售20%
魅族 18X 8GB+256GB 玄,1749,已售21%
俏侬牛油蛋挞皮 1020g 51个装,19.8,已售26%
悠享时 新年曲奇饼干礼盒,149,已售34%
飞利浦3系男士电动剃须刀,299,已售21%
小牛凯西 菲力西冷整切牛排900g,96,已售16%
30片】壮阳药助勃起 他达拉非,113,已售31%
广州酒家利口福 核桃包  早餐,31.9,已售33%
海尔618升超薄大容量一级能效,4099,已售30%
甲醛CMA上门检测服务,239,已售30%
莫代尔2件男士保暖背心男马甲,29.9,已售29%
【今日必抢】头层真皮 超轻透气,99,已售98%
天顺源 新西兰原切法式肩排500g,38.8,已售18%
飞利浦PD20W快充插座,92,已售25%
电击sm水潮湿不断流,122,已售23%
【热销】康佳 1.5匹新能效空调,1549,已售23%
OPPO 一加 Ace 12GB+512GB 回蓝,3269,已售32%
博洋家纺珊瑚绒四件套保暖绒,339,已售28%
EASEHOLD化妆镜带灯梳妆镜,249,已售30%
海信1.5匹智能挂机,2369,已售21%
海尔546L全空间保鲜科技冰箱,6499,已售16%
可口可乐迷你摩登罐200*12,21.8,已售18%
东北老农 稻香2号大米 10kg,56.9,已售32%
小米真无线降噪耳机3,269,已售24%
荣耀X30手机 8GB+256GB 幻夜黑,1549,已售34%
耐克儿童一脚蹬毛毛虫休闲童鞋,369,已售23%
妈妈壹选 洗衣液19.68斤,109,已售26%
限时钜惠-抢老板魔厨静音烟机,2519,已售25%
汰渍全效洁净除菌洗衣液12.8斤,69.9,已售15%
NASA漫威官方潮牌联名男装棉衣男,139,已售71%
西门子274升无霜冰箱,4869,已售18%
梓画 中式实木沙发组合,1599,已售73%
玉蜻蜓 汽车防冻玻璃水四季通用,11.6,已售57%
芝华士 12年苏格兰威士忌 1L,199,已售31%
四季沐歌多功能落地置物架,258,已售33%
正宗章丘大葱精品8斤礼盒装,39.9,已售16%
南明史顾诚代表作上下全套2册,115,已售30%
小米电动牙刷T302,169,已售34%
智利进口车厘子5斤巨无霸礼盒装,299,已售28%
银河帝国：基地七部曲（全7册）,300,已售30%
美的家用双面加热电饼铛,119,已售17%
徐香绿心猕猴桃24枚大果彩箱装,36.9,已售34%
BTNature高钙蓝胖子成人奶粉1kg,116,已售31%
贝贝南瓜严选5斤装,24.9,已售30%
洁丽雅抗菌浴巾单条装,89,已售25%
雅萌MAX二代旗舰版美容仪,6399,已售32%
迪士尼加厚洗脸巾3包,19.8,已售15%
熊猫  27英寸 2K显示器,659,已售30%
鸭鸭立领轻薄羽绒服保暖外套,169,已售23%
丹东奶油草莓严选2斤大果装,109,已售32%
京觅 半熟冻鲍鱼8粒装,49.9,已售27%
冰激凌三色水果萝卜3斤装,12.9,已售32%
小新100 联想投影仪,1299,已售23%
七彩虹 512GB SSD固态硬盘CN600,229,已售29%
美的470升变频智能冰箱,2799,已售22%
茅台 紫迎宾 整箱装,1208,已售22%
TCL408升风冷养鲜爆款,1698,已售31%
【百丽男鞋】英伦风 休闲皮鞋,419,已售34%
容声465一级净味十字门冰箱,3499,已售17%
【赠2件礼】好来双薄荷牙膏450G,27.9,已售32%
爱媛38号果冻橙5斤大果,33.8,已售32%
Apple iPad mini6  5G版,4799,已售32%
北极绒本命年内衣礼盒,109.9,已售23%
黄心猕猴桃12个大果,17.9,已售31%
海澜优选棉服男冬季加棉加厚保暖,109,已售22%
理肤泉B5舒缓套装,99,已售34%
圣诞香奈儿山茶花护肤套装礼盒,2239,已售15%
康师傅喝开水5L*4瓶 熟水饮用水,34.9,已售27%
伊利谷粒多燕麦牛奶200ml*12盒,46,已售30%
贵州珍酒 53度酱香白酒6瓶整箱装,1150,已售27%
伊利安慕希原味酸奶12盒,52.8,已售30%
全民K歌麦克风 S5-Hihat黑--单支,209,已售16%
伊利纯牛奶全脂250ml*21盒/箱,58.6,已售24%
鲁花 低芥酸特香菜籽油 6.18L,129.9,已售23%
凯迪仕3D人脸指纹锁K20MaxPlus,2349,已售17%
双飞燕（A4TECH) 办公鼠标黑色,29,已售28%
BeBeBus腰凳婴儿背带抱娃神器,588,已售25%
索尼全画幅微单数码相机,10899,已售20%
蔻驰奢侈品女士腋下酒神包,2099,已售31%
良品铺子11袋坚果零食礼,98,已售28%
山水家庭影院电视音响回音壁音箱,799,已售21%
飞利浦荷兰原装进口剃须刀S9987,1979,已售28%
小米粽平板电脑,1388,已售24%
松下10kg除菌空气洗洗烘一体,4169,已售17%
HUAV平板电脑,1108,已售23%
米家536L对开门冰箱,2069,已售20%
北京同仁堂针叶樱桃果维VC片60片,29,已售33%
卡帝乐鳄鱼男士皮带自动扣,35,已售24%
卡帝乐鳄鱼潮流休闲鞋男,168,已售33%
阿玛尼女士白色串珠项链圣诞礼物,1100,已售24%
山特 UPS不间断电源NAS,498,已售23%
瑞士认证品牌男士全自动机械手表,408,已售26%
华为智选 Hi nova 9z,1299,已售22%
添可智能洗地机芙万2.0 LED,2690,已售30%
光明全脂奶粉400g生牛乳配方,32.4,已售17%
真维斯冬季羽绒服女中长款,199,已售96%
安踏儿童犟弹缓震跑步鞋,239,已售20%
蒂佳婷补水保湿蓝丸面膜,135,已售19%
纽巴伦正品★N字鞋定制款,228,已售27%
卡斯丁路亚竿套装海竿渔具,330,已售32%
